il;ilce;vergi_dairesi
ADANA;Merkez;Adana İhtisas Vergi Dairesi Müdürlüğü
ADANA;Merkez;5 Ocak Vergi Dairesi Müdürlüğü
ADANA;Merkez;Yüreğir Vergi Dairesi Müdürlüğü
ADANA;Merkez;Seyhan Vergi Dairesi Müdürlüğü
ADANA;Merkez;Ziyapaşa Vergi Dairesi Müdürlüğü
ADANA;Merkez;Çukurova Vergi Dairesi Müdürlüğü
ADANA;Ceyhan;Ceyhan Vergi Dairesi Müdürlüğü
ADANA;Kozan;Kozan Vergi Dairesi Müdürlüğü
ADANA;Karataş;Karataş Vergi Dairesi Müdürlüğü
ADANA;Pozantı;Pozantı Vergi Dairesi Müdürlüğü
ADANA;İmamoğlu;İmamoğlu Vergi Dairesi Müdürlüğü
ADANA;Karaisalı;Karaisalı Vergi Dairesi Müdürlüğü
ADANA;Yumurtalık;Yumurtalık Vergi Dairesi Müdürlüğü
ADANA;Tufanbeyli;Tufanbeyli Vergi Dairesi Müdürlüğü
ADANA;Feke;Feke Vergi Dairesi Müdürlüğü
ADANA;Saimbeyli;Saimbeyli Vergi Dairesi Müdürlüğü
ADANA;Aladağ;Aladağ Vergi Dairesi Müdürlüğü
ADIYAMAN;Merkez;Adıyaman Vergi Dairesi Müdürlüğü
ADIYAMAN;Merkez;Karakuş Vergi Dairesi Müdürlüğü
ADIYAMAN;Gerger;Gerger Şubesi
ADIYAMAN;Samsat;Samsat Şubesi
ADIYAMAN;Tut;Tut Şubesi
ADIYAMAN;Kahta;Kahta Vergi Dairesi Müdürlüğü
ADIYAMAN;Besni;Besni Vergi Dairesi Müdürlüğü
ADIYAMAN;Gölbaşı;Gölbaşı Vergi Dairesi Müdürlüğü
ADIYAMAN;Çelikhan;Çelikhan Vergi Dairesi Müdürlüğü
ADIYAMAN;Sincik;Sincik Vergi Dairesi Müdürlüğü
AFYONKARAHİSAR;Merkez;Tınaztepe Vergi Dairesi Müdürlüğü
AFYONKARAHİSAR;Merkez;Kocatepe Vergi Dairesi Müdürlüğü
AFYONKARAHİSAR;Merkez;Çiğiltepe Vergi Dairesi Müdürlüğü
AFYONKARAHİSAR;Bayat;Bayat Şubesi
AFYONKARAHİSAR;Hocalar;Hocalar Şubesi
AFYONKARAHİSAR;Kızılören;Kızılören Şubesi
AFYONKARAHİSAR;Dinar;Dinar Vergi Dairesi Müdürlüğü
AFYONKARAHİSAR;Bolvadin;Bolvadin Vergi Dairesi Müdürlüğü
AFYONKARAHİSAR;Emirdağ;Emirdağ Vergi Dairesi Müdürlüğü
AFYONKARAHİSAR;Sandıklı;Sandıklı Vergi Dairesi Müdürlüğü
AFYONKARAHİSAR;İscehisar;İscehisar Vergi Dairesi Müdürlüğü
AFYONKARAHİSAR;Çay;Çay Vergi Dairesi Müdürlüğü
AFYONKARAHİSAR;Sinanpaşa;Sinanpaşa Vergi Dairesi Müdürlüğü
AFYONKARAHİSAR;Şuhut;Şuhut Vergi Dairesi Müdürlüğü
AFYONKARAHİSAR;İhsaniye;İhsaniye Vergi Dairesi Müdürlüğü
AFYONKARAHİSAR;Sultandağı;Sultandağı Vergi Dairesi Müdürlüğü
AFYONKARAHİSAR;Çobanlar;Çobanlar Vergi Dairesi Müdürlüğü
AFYONKARAHİSAR;Dazkırı;Dazkırı Vergi Dairesi Müdürlüğü
AFYONKARAHİSAR;Başmakçı;Başmakçı Vergi Dairesi Müdürlüğü
AFYONKARAHİSAR;Evciler;Evciler Vergi Dairesi Müdürlüğü
AĞRI;Merkez;Ağrı Vergi Dairesi Müdürlüğü
AĞRI;Doğubeyazıt;Doğubeyazıt Vergi Dairesi Müdürlüğü
AĞRI;Patnos;Patnos Vergi Dairesi Müdürlüğü
AĞRI;Diyadin;Diyadin Vergi Dairesi Müdürlüğü
AĞRI;Eleşkirt;Eleşkirt Vergi Dairesi Müdürlüğü
AĞRI;Tutak;Tutak Vergi Dairesi Müdürlüğü
AĞRI;Hamur;Hamur Malmüdürlüğü
AĞRI;Taşlıçay;Taşlıçay Malmüdürlüğü
AMASYA;Merkez;Amasya Vergi Dairesi Müdürlüğü
AMASYA;Merzifon;Merzifon Vergi Dairesi Müdürlüğü
AMASYA;Gümüşhacıköy;Gümüşhacıköy Vergi Dairesi Müdürlüğü
AMASYA;Taşova;Taşova Vergi Dairesi Müdürlüğü
AMASYA;Suluova;Suluova Vergi Dairesi Müdürlüğü
AMASYA;Göynücek;Göynücek Vergi Dairesi Müdürlüğü
AMASYA;Hamamözü;Hamamözü Malmüdürlüğü
ANKARA;Merkez;Anadolu İhtisas Vergi Dairesi Müdürlüğü
ANKARA;Merkez;Ankara İhtisas Vergi Dairesi Müdürlüğü
ANKARA;Merkez;Harçlar Vergi Dairesi Müdürlüğü
ANKARA;Merkez;Ankara Kurumlar Vergi Dairesi Müdürlüğü
ANKARA;Merkez;İvedik Vergi Dairesi Müdürlüğü
ANKARA;Merkez;100. Yıl İhtisas Vergi Dairesi Müdürlüğü
ANKARA;Merkez;Veraset ve İntikal Vergi Dairesi Müdürlüğü
ANKARA;Merkez;Kavaklıdere Vergi Dairesi Müdürlüğü
ANKARA;Merkez;Maltepe Vergi Dairesi Müdürlüğü
ANKARA;Merkez;Yenimahalle Vergi Dairesi Müdürlüğü
ANKARA;Merkez;Çankaya Vergi Dairesi Müdürlüğü
ANKARA;Merkez;Kızılbey Vergi Dairesi Müdürlüğü
ANKARA;Merkez;Mithatpaşa Vergi Dairesi Müdürlüğü
ANKARA;Merkez;Ulus Vergi Dairesi Müdürlüğü
ANKARA;Merkez;Yıldırım Beyazıt Vergi Dairesi Müdürlüğü
ANKARA;Merkez;Seğmenler Vergi Dairesi Müdürlüğü
ANKARA;Merkez;Dikimevi Vergi Dairesi Müdürlüğü
ANKARA;Merkez;Doğanbey Vergi Dairesi Müdürlüğü
ANKARA;Merkez;Yeğenbey Vergi Dairesi Müdürlüğü
ANKARA;Merkez;Hitit Vergi Dairesi Müdürlüğü
ANKARA;Merkez;Yahya Galip Vergi Dairesi Müdürlüğü
ANKARA;Merkez;Muhammet Karagüzel Vergi Dairesi Müdürlüğü
ANKARA;Merkez;Ostim Vergi Dairesi Müdürlüğü
ANKARA;Merkez;Gölbaşı Vergi Dairesi Müdürlüğü
ANKARA;Merkez;Sincan Vergi Dairesi Müdürlüğü
ANKARA;Merkez;Dışkapı Vergi Dairesi Müdürlüğü
ANKARA;Merkez;Etimesgut Vergi Dairesi Müdürlüğü
ANKARA;Merkez;Başkent Vergi Dairesi Müdürlüğü
ANKARA;Merkez;Cumhuriyet Vergi Dairesi Müdürlüğü
ANKARA;Merkez;Keçiören Vergi Dairesi Müdürlüğü
ANKARA;Kahramankazan;Kahramankazan Vergi Dairesi Müdürlüğü
ANKARA;Polatlı;Polatlı Vergi Dairesi Müdürlüğü
ANKARA;Şereflikoçhisar;Şereflikoçhisar Vergi Dairesi Müdürlüğü
ANKARA;Beypazarı;Beypazarı Vergi Dairesi Müdürlüğü
ANKARA;Çubuk;Çubuk Vergi Dairesi Müdürlüğü
ANKARA;Haymana;Haymana Vergi Dairesi Müdürlüğü
ANKARA;Elmadağ;Elmadağ Vergi Dairesi Müdürlüğü
ANKARA;Akyurt;Akyurt Vergi Dairesi Müdürlüğü
ANKARA;Kızılcahamam;Kızılcahamam Vergi Dairesi Müdürlüğü
ANKARA;Nallıhan;Nallıhan Vergi Dairesi Müdürlüğü
ANKARA;Ayaş;Ayaş Vergi Dairesi Müdürlüğü
ANKARA;Balâ;Balâ Vergi Dairesi Müdürlüğü
ANKARA;Kalecik;Kalecik Vergi Dairesi Müdürlüğü
ANKARA;Çamlıdere;Çamlıdere Malmüdürlüğü
ANKARA;Güdül;Güdül Malmüdürlüğü
ANKARA;Evren;Evren Malmüdürlüğü
ANTALYA;Merkez;Üçkapılar Vergi Dairesi Müdürlüğü
ANTALYA;Merkez;Kalekapı Vergi Dairesi Müdürlüğü
ANTALYA;Merkez;Muratpaşa Vergi Dairesi Müdürlüğü
ANTALYA;Merkez;Düden Vergi Dairesi Müdürlüğü
ANTALYA;Merkez;Antalya Kurumlar Vergi Dairesi Müdürlüğü
ANTALYA;Merkez;Antalya İhtisas Vergi Dairesi Müdürlüğü
ANTALYA;Korkuteli;Korkuteli Vergi Dairesi Müdürlüğü
ANTALYA;Alanya;Alanya Vergi Dairesi Müdürlüğü
ANTALYA;Serik;Serik Vergi Dairesi Müdürlüğü
ANTALYA;Manavgat;Manavgat Vergi Dairesi Müdürlüğü
ANTALYA;Elmalı;Elmalı Vergi Dairesi Müdürlüğü
ANTALYA;Kemer;Kemer Vergi Dairesi Müdürlüğü
ANTALYA;Kumluca;Kumluca Vergi Dairesi Müdürlüğü
ANTALYA;Finike;Finike Vergi Dairesi Müdürlüğü
ANTALYA;Gazipaşa;Gazipaşa Vergi Dairesi Müdürlüğü
ANTALYA;Kaş;Kaş Vergi Dairesi Müdürlüğü
ANTALYA;Demre;Demre Vergi Dairesi Müdürlüğü
ANTALYA;Akseki;Akseki Vergi Dairesi Müdürlüğü
ANTALYA;Gündoğmuş;Gündoğmuş Malmüdürlüğü
ANTALYA;İbradı;İbradı Malmüdürlüğü
ARTVİN;Merkez;Artvin Vergi Dairesi Müdürlüğü
ARTVİN;Hopa;Hopa Vergi Dairesi Müdürlüğü
ARTVİN;Arhavi;Arhavi Vergi Dairesi Müdürlüğü
ARTVİN;Borçka;Borçka Vergi Dairesi Müdürlüğü
ARTVİN;Yusufeli;Yusufeli Vergi Dairesi Müdürlüğü
ARTVİN;Şavşat;Şavşat Vergi Dairesi Müdürlüğü
ARTVİN;Ardanuç;Ardanuç Vergi Dairesi Müdürlüğü
ARTVİN;Murgul;Murgul Malmüdürlüğü
AYDIN;Merkez;Efeler Vergi Dairesi Müdürlüğü
AYDIN;Merkez;Güzelhisar Vergi Dairesi Müdürlüğü
AYDIN;Nazilli;Nazilli Vergi Dairesi Müdürlüğü
AYDIN;Söke;Söke Vergi Dairesi Müdürlüğü
AYDIN;Çine;Çine Vergi Dairesi Müdürlüğü
AYDIN;Germencik;Germencik Vergi Dairesi Müdürlüğü
AYDIN;Kuşadası;Kuşadası Vergi Dairesi Müdürlüğü
AYDIN;Didim;Didim Vergi Dairesi Müdürlüğü
AYDIN;İncirliova;İncirliova Vergi Dairesi Müdürlüğü
AYDIN;Kuyucak;Kuyucak Vergi Dairesi Müdürlüğü
AYDIN;Bozdoğan;Bozdoğan Vergi Dairesi Müdürlüğü
AYDIN;Sultanhisar;Sultanhisar Vergi Dairesi Müdürlüğü
AYDIN;Karacasu;Karacasu Vergi Dairesi Müdürlüğü
AYDIN;Koçarlı;Koçarlı Vergi Dairesi Müdürlüğü
AYDIN;Buharkent;Buharkent Vergi Dairesi Müdürlüğü
AYDIN;Köşk;Köşk Vergi Dairesi Müdürlüğü
AYDIN;Yenipazar;Yenipazar Vergi Dairesi Müdürlüğü
AYDIN;Karpuzlu;Karpuzlu Vergi Dairesi Müdürlüğü
BALIKESİR;Merkez;Karesi Vergi Dairesi Müdürlüğü
BALIKESİR;Merkez;Kurtdereli Vergi Dairesi Müdürlüğü
BALIKESİR;Merkez;Koca Seyit Vergi Dairesi Müdürlüğü
BALIKESİR;Balya;Balya Şubesi
BALIKESİR;Ayvalık;Ayvalık Vergi Dairesi Müdürlüğü
BALIKESİR;Bandırma;Bandırma Vergi Dairesi Müdürlüğü
BALIKESİR;Burhaniye;Burhaniye Vergi Dairesi Müdürlüğü
BALIKESİR;Edremit;Edremit Vergi Dairesi Müdürlüğü
BALIKESİR;Gönen;Gönen Vergi Dairesi Müdürlüğü
BALIKESİR;Susurluk;Susurluk Vergi Dairesi Müdürlüğü
BALIKESİR;Erdek;Erdek Vergi Dairesi Müdürlüğü
BALIKESİR;Bigadiç;Bigadiç Vergi Dairesi Müdürlüğü
BALIKESİR;Sındırgı;Sındırgı Vergi Dairesi Müdürlüğü
BALIKESİR;Dursunbey;Dursunbey Vergi Dairesi Müdürlüğü
BALIKESİR;Gömeç;Gömeç Vergi Dairesi Müdürlüğü
BALIKESİR;Havran;Havran Vergi Dairesi Müdürlüğü
BALIKESİR;İvrindi;İvrindi Vergi Dairesi Müdürlüğü
BALIKESİR;Manyas;Manyas Vergi Dairesi Müdürlüğü
BALIKESİR;Kepsut;Kepsut Vergi Dairesi Müdürlüğü
BALIKESİR;Marmara;Marmara Vergi Dairesi Müdürlüğü
BALIKESİR;Savaştepe;Savaştepe Vergi Dairesi Müdürlüğü
BİLECİK;Merkez;Bilecik Vergi Dairesi Müdürlüğü
BİLECİK;Merkez;Kayı Vergi Dairesi Müdürlüğü
BİLECİK;Pazaryeri;Pazaryeri Şubesi
BİLECİK;Yenipazar;Yenipazar Şubesi
BİLECİK;İnhisar;İnhisar Şubesi
BİLECİK;Bozüyük;Bozüyük Vergi Dairesi Müdürlüğü
BİLECİK;Osmaneli;Osmaneli Vergi Dairesi Müdürlüğü
BİLECİK;Söğüt;Söğüt Vergi Dairesi Müdürlüğü
BİLECİK;Gölpazarı;Gölpazarı Vergi Dairesi Müdürlüğü
BİNGÖL;Merkez;Bingöl Vergi Dairesi Müdürlüğü
BİNGÖL;Merkez;Yüzen Ada Vergi Dairesi Müdürlüğü
BİNGÖL;Kiğı;Kiğı Şubesi
BİNGÖL;Adaklı;Adaklı Şubesi
BİNGÖL;Yayladere;Yayladere Şubesi
BİNGÖL;Yedisu;Yedisu Şubesi
BİNGÖL;Solhan;Solhan Vergi Dairesi Müdürlüğü
BİNGÖL;Genç;Genç Vergi Dairesi Müdürlüğü
BİNGÖL;Karlıova;Karlıova Vergi Dairesi Müdürlüğü
BİTLİS;Merkez;Bitlis Vergi Dairesi Müdürlüğü
BİTLİS;Tatvan;Tatvan Vergi Dairesi Müdürlüğü
BİTLİS;Ahlat;Ahlat Vergi Dairesi Müdürlüğü
BİTLİS;Göroymak;Güroymak Vergi Dairesi Müdürlüğü
BİTLİS;Hizan;Hizan Vergi Dairesi Müdürlüğü
BİTLİS;Adilcevaz;Adilcevaz Vergi Dairesi Müdürlüğü
BİTLİS;Mutki;Mutki Malmüdürlüğü
BOLU;Merkez;Bolu Vergi Dairesi Müdürlüğü
BOLU;Gerede;Gerede Vergi Dairesi Müdürlüğü
BOLU;Göynük;Göynük Vergi Dairesi Müdürlüğü
BOLU;Mudurnu;Mudurnu Vergi Dairesi Müdürlüğü
BOLU;Mengen;Mengen Vergi Dairesi Müdürlüğü
BOLU;Yeniçağa;Yeniçağa Vergi Dairesi Müdürlüğü
BOLU;Kıbrıscık;Kıbrıscık Malmüdürlüğü
BOLU;Seben;Seben Malmüdürlüğü
BOLU;Dörtdivan;Dörtdivan Malmüdürlüğü
BURDUR;Merkez;Burdur Vergi Dairesi Müdürlüğü
BURDUR;Merkez;Salda Vergi Dairesi Müdürlüğü
BURDUR;Ağlasun;Ağlasun Şubesi
BURDUR;Kemer;Kemer Şubesi
BURDUR;Altınyayla;Altınyayla Şubesi
BURDUR;Çeltikçi;Çeltikçi Şubesi
BURDUR;Bucak;Bucak Vergi Dairesi Müdürlüğü
BURDUR;Gölhisar;Gölhisar Vergi Dairesi Müdürlüğü
BURDUR;Çavdır;Çavdır Vergi Dairesi Müdürlüğü
BURDUR;Yeşilova;Yeşilova Vergi Dairesi Müdürlüğü
BURDUR;Tefenni;Tefenni Vergi Dairesi Müdürlüğü
BURDUR;Karamanlı;Karamanlı Vergi Dairesi Müdürlüğü
BURSA;Merkez;Bursa İhtisas Vergi Dairesi Müdürlüğü
BURSA;Merkez;Osmangazi Vergi Dairesi Müdürlüğü
BURSA;Merkez;Yıldırım Vergi Dairesi Müdürlüğü
BURSA;Merkez;Çekirge Vergi Dairesi Müdürlüğü
BURSA;Merkez;Setbaşı Vergi Dairesi Müdürlüğü
BURSA;Merkez;Uludağ Vergi Dairesi Müdürlüğü
BURSA;Merkez;Yeşil Vergi Dairesi Müdürlüğü
BURSA;Merkez;Nilüfer Vergi Dairesi Müdürlüğü
BURSA;Merkez;Ertuğrulgazi Vergi Dairesi Müdürlüğü
BURSA;Merkez;Gökdere Vergi Dairesi Müdürlüğü
BURSA;Merkez;Bursa Veraset ve Harçlar Vergi Dairesi Müdürlüğü
BURSA;Merkez;Kozahan Vergi Dairesi Müdürlüğü
BURSA;Keles;Keles Şubesi
BURSA;Harmancık;Harmancık Şubesi
BURSA;Büyükorhan;Büyükorhan Şubesi
BURSA;Gemlik;Gemlik Vergi Dairesi Müdürlüğü
BURSA;İnegöl;İnegöl Vergi Dairesi Müdürlüğü
BURSA;Karacabey;Karacabey Vergi Dairesi Müdürlüğü
BURSA;Mustafakemalpaşa;Mustafakemalpaşa Vergi Dairesi Müdürlüğü
BURSA;Mudanya;Mudanya Vergi Dairesi Müdürlüğü
BURSA;Orhangazi;Orhangazi Vergi Dairesi Müdürlüğü
BURSA;İznik;İznik Vergi Dairesi Müdürlüğü
BURSA;Yenişehir;Yenişehir Vergi Dairesi Müdürlüğü
BURSA;Orhaneli;Orhaneli Vergi Dairesi Müdürlüğü
ÇANAKKALE;Merkez;Çanakkale Vergi Dairesi Müdürlüğü
ÇANAKKALE;Biga;Biga Vergi Dairesi Müdürlüğü
ÇANAKKALE;Çan;Çan Vergi Dairesi Müdürlüğü
ÇANAKKALE;Gelibolu;Gelibolu Vergi Dairesi Müdürlüğü
ÇANAKKALE;Ezine;Ezine Vergi Dairesi Müdürlüğü
ÇANAKKALE;Ayvacık;Ayvacık Vergi Dairesi Müdürlüğü
ÇANAKKALE;Lapseki;Lapseki Vergi Dairesi Müdürlüğü
ÇANAKKALE;Gökçeada;Gökçeada Vergi Dairesi Müdürlüğü
ÇANAKKALE;Bayramiç;Bayramiç Vergi Dairesi Müdürlüğü
ÇANAKKALE;Yenice;Yenice Vergi Dairesi Müdürlüğü
ÇANAKKALE;Eceabat;Eceabat Vergi Dairesi Müdürlüğü
ÇANAKKALE;Bozcaada;Bozcaada Vergi Dairesi Müdürlüğü
ÇANKIRI;Merkez;Çankırı Vergi Dairesi Müdürlüğü
ÇANKIRI;Merkez;Karatekin Vergi Dairesi Müdürlüğü
ÇANKIRI;Eldivan;Eldivan Şubesi
ÇANKIRI;Kurşunlu;Kurşunlu Şubesi
ÇANKIRI;Yapraklı;Yapraklı Şubesi
ÇANKIRI;Atkaracalar;Atkaracalar Şubesi
ÇANKIRI;Kızılırmak;Kızılırmak Şubesi
ÇANKIRI;Bayramören;Bayramören Şubesi
ÇANKIRI;Korgun;Korgun Şubesi
ÇANKIRI;Çerkeş;Çerkeş Vergi Dairesi Müdürlüğü
ÇANKIRI;Ilgaz;Ilgaz Vergi Dairesi Müdürlüğü
ÇANKIRI;Orta;Orta Vergi Dairesi Müdürlüğü
ÇANKIRI;Şabanözü;Şabanözü Vergi Dairesi Müdürlüğü
ÇORUM;Merkez;Çorum Vergi Dairesi Müdürlüğü
ÇORUM;Merkez;Hasanpaşa Vergi Dairesi Müdürlüğü
ÇORUM;Merkez;Akşemseddin Vergi Dairesi Müdürlüğü
ÇORUM;Ortaköy;Ortaköy Şubesi
ÇORUM;Boğazkale;Boğazkale Şubesi
ÇORUM;Uğurludağ;Uğurludağ Şubesi
ÇORUM;Dodurga;Dodurga Şubesi
ÇORUM;Oğuzlar;Oğuzlar Şubesi
ÇORUM;Laçin;Laçin Şubesi
ÇORUM;Sungurlu;Sungurlu Vergi Dairesi Müdürlüğü
ÇORUM;Osmancık;Osmancık Vergi Dairesi Müdürlüğü
ÇORUM;İskilip;İskilip Vergi Dairesi Müdürlüğü
ÇORUM;Alaca;Alaca Vergi Dairesi Müdürlüğü
ÇORUM;Kargı;Kargı Vergi Dairesi Müdürlüğü
ÇORUM;Mecitözü;Mecitözü Vergi Dairesi Müdürlüğü
ÇORUM;Bayat;Bayat Vergi Dairesi Müdürlüğü
DENİZLİ;Merkez;Saraylar Vergi Dairesi Müdürlüğü
DENİZLİ;Merkez;Çınar Vergi Dairesi Müdürlüğü
DENİZLİ;Merkez;Gökpınar Vergi Dairesi Müdürlüğü
DENİZLİ;Merkez;Denizli İhtisas Vergi Dairesi Müdürlüğü
DENİZLİ;Merkez;Pamukkale Vergi Dairesi Müdürlüğü
DENİZLİ;Merkez;Bayramyeri Vergi Dairesi Müdürlüğü
DENİZLİ;Baklan;Baklan Şubesi
DENİZLİ;Beyağaç;Beyağaç Şubesi
DENİZLİ;Sarayköy;Sarayköy Vergi Dairesi Müdürlüğü
DENİZLİ;Acıpayam;Acıpayam Vergi Dairesi Müdürlüğü
DENİZLİ;Tavas;Tavas Vergi Dairesi Müdürlüğü
DENİZLİ;Buldan;Buldan Vergi Dairesi Müdürlüğü
DENİZLİ;Çal;Çal Vergi Dairesi Müdürlüğü
DENİZLİ;Çivril;Çivril Vergi Dairesi Müdürlüğü
DENİZLİ;Honaz;Honaz Vergi Dairesi Müdürlüğü
DENİZLİ;Kale;Kale Vergi Dairesi Müdürlüğü
DENİZLİ;Serinhisar;Serinhisar Vergi Dairesi Müdürlüğü
DENİZLİ;Çameli;Çameli Vergi Dairesi Müdürlüğü
DENİZLİ;Babadağ;Babadağ Vergi Dairesi Müdürlüğü
DENİZLİ;Bozkurt;Bozkurt Vergi Dairesi Müdürlüğü
DENİZLİ;Çardak;Çardak Vergi Dairesi Müdürlüğü
DENİZLİ;Güney;Güney Vergi Dairesi Müdürlüğü
DENİZLİ;Bekilli;Bekilli Vergi Dairesi Müdürlüğü
DİYARBAKIR;Merkez;Gökalp Vergi Dairesi Müdürlüğü
DİYARBAKIR;Merkez;Süleyman Nazif Vergi Dairesi Müdürlüğü
DİYARBAKIR;Merkez;Cahit Sıtkı Tarancı Vergi Dairesi Müdürlüğü
DİYARBAKIR;Ergani;Ergani Vergi Dairesi Müdürlüğü
DİYARBAKIR;Bismil;Bismil Vergi Dairesi Müdürlüğü
DİYARBAKIR;Silvan;Silvan Vergi Dairesi Müdürlüğü
DİYARBAKIR;Çınar;Çınar Vergi Dairesi Müdürlüğü
DİYARBAKIR;Çermik;Çermik Vergi Dairesi Müdürlüğü
DİYARBAKIR;Hani;Hani Vergi Dairesi Müdürlüğü
DİYARBAKIR;Lice;Lice Vergi Dairesi Müdürlüğü
DİYARBAKIR;Çüngüş;Çüngüş Malmüdürlüğü
DİYARBAKIR;Dicle;Dicle Malmüdürlüğü
DİYARBAKIR;Hazro;Hazro Malmüdürlüğü
DİYARBAKIR;Kulp;Kulp Malmüdürlüğü
DİYARBAKIR;Eğil;Eğil Malmüdürlüğü
DİYARBAKIR;Kocaköy;Kocaköy Malmüdürlüğü
EDİRNE;Merkez;Arda Vergi Dairesi Müdürlüğü
EDİRNE;Merkez;Kırkpınar Vergi Dairesi Müdürlüğü
EDİRNE;Keşan;Keşan Vergi Dairesi Müdürlüğü
EDİRNE;Uzunköprü;Uzunköprü Vergi Dairesi Müdürlüğü
EDİRNE;Havsa;Havsa Vergi Dairesi Müdürlüğü
EDİRNE;İpsala;İpsala Vergi Dairesi Müdürlüğü
EDİRNE;Enez;Enez Vergi Dairesi Müdürlüğü
EDİRNE;Meriç;Meriç Vergi Dairesi Müdürlüğü
EDİRNE;Lalapaşa;Lalapaşa Malmüdürlüğü
EDİRNE;Süloğlu;Süloğlu Malmüdürlüğü
ELAZIĞ;Merkez;Harput Vergi Dairesi Müdürlüğü
ELAZIĞ;Merkez;Hazar Vergi Dairesi Müdürlüğü
ELAZIĞ;Karakoçan;Karakoçan Vergi Dairesi Müdürlüğü
ELAZIĞ;Kovancılar;Kovancılar Vergi Dairesi Müdürlüğü
ELAZIĞ;Palu;Palu Vergi Dairesi Müdürlüğü
ELAZIĞ;Ağın;Ağın Malmüdürlüğü
ELAZIĞ;Baskil;Baskil Malmüdürlüğü
ELAZIĞ;Keban;Keban Malmüdürlüğü
ELAZIĞ;Maden;Maden Malmüdürlüğü
ELAZIĞ;Sivrice;Sivrice Malmüdürlüğü
ELAZIĞ;Arıcak;Arıcak Malmüdürlüğü
ELAZIĞ;Alacakaya;Alacakaya Malmüdürlüğü
ERZİNCAN;Merkez;Fevzipaşa Vergi Dairesi Müdürlüğü
ERZİNCAN;Merkez;Ergan Vergi Dairesi Müdürlüğü
ERZİNCAN;Çayırlı;Çayırlı Şubesi
ERZİNCAN;İliç;İliç Şubesi
ERZİNCAN;Kemah;Kemah Şubesi
ERZİNCAN;Kemaliye;Kemaliye Şubesi
ERZİNCAN;Refahiye;Refahiye Şubesi
ERZİNCAN;Üzümlü;Üzümlü Şubesi
ERZİNCAN;Otlukbeli;Otlukbeli Şubesi
ERZİNCAN;Tercan;Tercan Vergi Dairesi Müdürlüğü
ERZURUM;Merkez;Aziziye Vergi Dairesi Müdürlüğü
ERZURUM;Merkez;Kazımkarabekir Vergi Dairesi Müdürlüğü
ERZURUM;Merkez;Palandöken Vergi Dairesi Müdürlüğü
ERZURUM;Çat;Çat Şubesi
ERZURUM;Narman;Narman Şubesi
ERZURUM;Olur;Olur Şubesi
ERZURUM;Şenkaya;Şenkaya Şubesi
ERZURUM;Tekman;Tekman Şubesi
ERZURUM;Tortum;Tortum Şubesi
ERZURUM;Karaçoban;Karaçoban Şubesi
ERZURUM;Uzundere;Uzundere Şubesi
ERZURUM;Pazaryolu;Pazaryolu Şubesi
ERZURUM;Köprüköy;Köprüköy Şubesi
ERZURUM;Horasan;Horasan Vergi Dairesi Müdürlüğü
ERZURUM;Oltu;Oltu Vergi Dairesi Müdürlüğü
ERZURUM;Pasinler;Pasinler Vergi Dairesi Müdürlüğü
ERZURUM;Aşkale;Aşkale Vergi Dairesi Müdürlüğü
ERZURUM;Hınıs;Hınıs Vergi Dairesi Müdürlüğü
ERZURUM;İspir;İspir Vergi Dairesi Müdürlüğü
ERZURUM;Karayazı;Karayazı Vergi Dairesi Müdürlüğü
ERZURUM;Aziziye (Ilıca);Aziziye Malmüdürlüğü
ESKİŞEHİR;Merkez;Eskişehir Defterdarlığı (*)
ESKİŞEHİR;Mahmudiye;Mahmudiye Malmüdürlüğü
ESKİŞEHİR;Mihalıççık;Mihalıççık Malmüdürlüğü
ESKİŞEHİR;Sarıcakaya;Sarıcakaya Malmüdürlüğü
ESKİŞEHİR;Seyitgazi;Seyitgazi Malmüdürlüğü
ESKİŞEHİR;Alpu;Alpu Malmüdürlüğü
ESKİŞEHİR;Beylikova;Beylikova Malmüdürlüğü
ESKİŞEHİR;İnönü;İnönü Malmüdürlüğü
ESKİŞEHİR;Günyüzü;Günyüzü Malmüdürlüğü
ESKİŞEHİR;Han;Han Malmüdürlüğü
ESKİŞEHİR;Mihalgazi;Mihalgazi Malmüdürlüğü
GAZİANTEP;Merkez;Gaziantep İhtisas Vergi Dairesi Müdürlüğü
GAZİANTEP;Merkez;Suburcu Vergi Dairesi Müdürlüğü
GAZİANTEP;Merkez;Şehitkâmil Vergi Dairesi Müdürlüğü
GAZİANTEP;Merkez;Şahinbey Vergi Dairesi Müdürlüğü
GAZİANTEP;Merkez;Gazikent Vergi Dairesi Müdürlüğü
GAZİANTEP;Merkez;Kozanlı Vergi Dairesi Müdürlüğü
GAZİANTEP;Nizip;Nizip Vergi Dairesi Müdürlüğü
GAZİANTEP;İslahiye;İslahiye Vergi Dairesi Müdürlüğü
GAZİANTEP;Oğuzeli;Oğuzeli Vergi Dairesi Müdürlüğü
GAZİANTEP;Nurdağı;Nurdağı Vergi Dairesi Müdürlüğü
GAZİANTEP;Araban;Araban Vergi Dairesi Müdürlüğü
GAZİANTEP;Yavuzeli;Yavuzeli Vergi Dairesi Müdürlüğü
GAZİANTEP;Karkamış;Karkamış Malmüdürlüğü
GİRESUN;Merkez;Giresun Vergi Dairesi Müdürlüğü
GİRESUN;Merkez;Ada Vergi Dairesi Müdürlüğü
GİRESUN;Alucra;Alucra Şubesi
GİRESUN;Çanakçı;Çanakçı Şubesi
GİRESUN;Güce;Güce Şubesi
GİRESUN;Çamoluk;Çamoluk Şubesi
GİRESUN;Doğankent;Doğankent Şubesi
GİRESUN;Bulancak;Bulancak Vergi Dairesi Müdürlüğü
GİRESUN;Tirebolu;Tirebolu Vergi Dairesi Müdürlüğü
GİRESUN;Espiye;Espiye Vergi Dairesi Müdürlüğü
GİRESUN;Görele;Görele Vergi Dairesi Müdürlüğü
GİRESUN;Dereli;Dereli Vergi Dairesi Müdürlüğü
GİRESUN;Keşap;Keşap Vergi Dairesi Müdürlüğü
GİRESUN;Şebinkarahisar;Şebinkarahisar Vergi Dairesi Müdürlüğü
GİRESUN;Eynesil;Eynesil Vergi Dairesi Müdürlüğü
GİRESUN;Piraziz;Piraziz Vergi Dairesi Müdürlüğü
GİRESUN;Yağlıdere;Yağlıdere Vergi Dairesi Müdürlüğü
GÜMÜŞHANE;Merkez;Gümüşhane Vergi Dairesi Müdürlüğü
GÜMÜŞHANE;Kelkit;Kelkit Vergi Dairesi Müdürlüğü
GÜMÜŞHANE;Şiran;Şiran Vergi Dairesi Müdürlüğü
GÜMÜŞHANE;Torul;Torul Vergi Dairesi Müdürlüğü
GÜMÜŞHANE;Kürtün;Kürtün Vergi Dairesi Müdürlüğü
GÜMÜŞHANE;Köse;Köse Malmüdürlüğü
HAKKARİ;Merkez;Hakkari Vergi Dairesi Müdürlüğü
HAKKARİ;Yüksekova;Yüksekova Vergi Dairesi Müdürlüğü
HAKKARİ;Şemdinli;Şemdinli Vergi Dairesi Müdürlüğü
HAKKARİ;Çukurca;Çukurca Malmüdürlüğü
HAKKARİ;Derecik;Derecik Malmüdürlüğü
HATAY;Merkez;23 Temmuz Vergi Dairesi Müdürlüğü
HATAY;Merkez;Antakya Vergi Dairesi Müdürlüğü
HATAY;Merkez;Şükrükanatlı Vergi Dairesi Müdürlüğü
HATAY;İskenderun;Sahil Vergi Dairesi Müdürlüğü
HATAY;İskenderun;Akdeniz Vergi Dairesi Müdürlüğü
HATAY;İskenderun;Asım Gündüz Vergi Dairesi Müdürlüğü
HATAY;Dörtyol;Dörtyol Vergi Dairesi Müdürlüğü
HATAY;Kırıkhan;Kırıkhan Vergi Dairesi Müdürlüğü
HATAY;Reyhanlı;Reyhanlı Vergi Dairesi Müdürlüğü
HATAY;Samandağ;Samandağ Vergi Dairesi Müdürlüğü
HATAY;Hassa;Hassa Vergi Dairesi Müdürlüğü
HATAY;Erzin;Erzin Vergi Dairesi Müdürlüğü
HATAY;Yayladağı;Yayladağı Vergi Dairesi Müdürlüğü
HATAY;Altınözü;Altınözü Vergi Dairesi Müdürlüğü
HATAY;Belen;Belen Vergi Dairesi Müdürlüğü
HATAY;Kumlu;Kumlu Malmüdürlüğü
ISPARTA;Merkez;Davraz Vergi Dairesi Müdürlüğü
ISPARTA;Merkez;Kaymakkapı Vergi Dairesi Müdürlüğü
ISPARTA;Merkez;Gülkent Vergi Dairesi Müdürlüğü
ISPARTA;Atabey;Atabey Şubesi
ISPARTA;Sütçüler;Sütçüler Şubesi
ISPARTA;Uluborlu;Uluborlu Şubesi
ISPARTA;Aksu;Aksu Şubesi
ISPARTA;Gönen;Gönen Şubesi
ISPARTA;Yenişarbademli;Yenişarbademli Şubesi
ISPARTA;Eğirdir;Eğirdir Vergi Dairesi Müdürlüğü
ISPARTA;Yalvaç;Yalvaç Vergi Dairesi Müdürlüğü
ISPARTA;Şarkikaraağaç;Şarkikaraağaç Vergi Dairesi Müdürlüğü
ISPARTA;Keçiborlu;Keçiborlu Vergi Dairesi Müdürlüğü
ISPARTA;Senirkent;Senirkent Vergi Dairesi Müdürlüğü
ISPARTA;Gelendost;Gelendost Vergi Dairesi Müdürlüğü
MERSİN;Merkez;İstiklâl Vergi Dairesi Müdürlüğü
MERSİN;Merkez;Uray Vergi Dairesi Müdürlüğü
MERSİN;Merkez;Liman Vergi Dairesi Müdürlüğü
MERSİN;Merkez;Toros Vergi Dairesi Müdürlüğü
MERSİN;Merkez;Mersin İhtisas Vergi Dairesi Müdürlüğü
MERSİN;Erdemli;Erdemli Vergi Dairesi Müdürlüğü
MERSİN;Silifke;Silifke Vergi Dairesi Müdürlüğü
MERSİN;Anamur;Anamur Vergi Dairesi Müdürlüğü
MERSİN;Tarsus;Kızılmurat Vergi Dairesi Müdürlüğü
MERSİN;Tarsus;Şehitkerim Vergi Dairesi Müdürlüğü
MERSİN;Mut;Mut Vergi Dairesi Müdürlüğü
MERSİN;Bozyazı;Bozyazı Vergi Dairesi Müdürlüğü
MERSİN;Gülnar;Gülnar Vergi Dairesi Müdürlüğü
MERSİN;Aydıncık;Aydıncık Vergi Dairesi Müdürlüğü
MERSİN;Çamlıyayla;Çamlıyayla Malmüdürlüğü
İSTANBUL;Merkez;Haliç İhtisas Vergi Dairesi Müdürlüğü
İSTANBUL;Merkez;Vatan İhtisas Vergi Dairesi Müdürlüğü
İSTANBUL;Merkez;Çamlıca İhtisas Vergi Dairesi Müdürlüğü
İSTANBUL;Merkez;Alemdağ Vergi Dairesi Müdürlüğü
İSTANBUL;Merkez;Yenikapı Vergi Dairesi Müdürlüğü
İSTANBUL;Merkez;Büyük Mükellefler Vergi Dairesi Müdürlüğü
İSTANBUL;Merkez;Boğaziçi Kurumlar Vergi Dairesi Müdürlüğü
İSTANBUL;Merkez;Marmara Kurumlar Vergi Dairesi Müdürlüğü
İSTANBUL;Merkez;Davutpaşa Vergi Dairesi Müdürlüğü
İSTANBUL;Merkez;Esenler Vergi Dairesi Müdürlüğü
İSTANBUL;Merkez;Fatih Vergi Dairesi Müdürlüğü
İSTANBUL;Merkez;Küçükköy Vergi Dairesi Müdürlüğü
İSTANBUL;Merkez;Merter Vergi Dairesi Müdürlüğü
İSTANBUL;Merkez;Sultanbeyli Vergi Dairesi Müdürlüğü
İSTANBUL;Merkez;Anadolu Kurumlar Vergi Dairesi Müdürlüğü
İSTANBUL;Merkez;Tuzla Vergi Dairesi Müdürlüğü
İSTANBUL;Merkez;Kozyatağı Vergi Dairesi Müdürlüğü
İSTANBUL;Merkez;Maslak Vergi Dairesi Müdürlüğü
İSTANBUL;Merkez;Zincirlikuyu Vergi Dairesi Müdürlüğü
İSTANBUL;Merkez;İkitelli Vergi Dairesi Müdürlüğü
İSTANBUL;Merkez;Beşiktaş Vergi Dairesi Müdürlüğü
İSTANBUL;Merkez;Ümraniye Vergi Dairesi Müdürlüğü
İSTANBUL;Merkez;Yeditepe Veraset ve Harçlar Vergi Dairesi Müdürlüğü
İSTANBUL;Merkez;Kasımpaşa Vergi Dairesi Müdürlüğü
İSTANBUL;Merkez;Erenköy Vergi Dairesi Müdürlüğü
İSTANBUL;Merkez;Hisar Veraset ve Harçlar Vergi Dairesi Müdürlüğü
İSTANBUL;Merkez;Tuna Vergi Dairesi Müdürlüğü
İSTANBUL;Merkez;Rıhtım Veraset ve Harçlar Vergi Dairesi Müdürlüğü
İSTANBUL;Merkez;Güngören Vergi Dairesi Müdürlüğü
İSTANBUL;Merkez;Kocasinan Vergi Dairesi Müdürlüğü
İSTANBUL;Merkez;Güneşli Vergi Dairesi Müdürlüğü
İSTANBUL;Merkez;Küçükyalı Vergi Dairesi Müdürlüğü
İSTANBUL;Merkez;Pendik Vergi Dairesi Müdürlüğü
İSTANBUL;Merkez;Bayrampaşa Vergi Dairesi Müdürlüğü
İSTANBUL;Merkez;Beyazıt Vergi Dairesi Müdürlüğü
İSTANBUL;Merkez;Beyoğlu Vergi Dairesi Müdürlüğü
İSTANBUL;Merkez;Gaziosmanpaşa Vergi Dairesi Müdürlüğü
İSTANBUL;Merkez;Göztepe Vergi Dairesi Müdürlüğü
İSTANBUL;Merkez;Hocapaşa Vergi Dairesi Müdürlüğü
İSTANBUL;Merkez;Kadıköy Vergi Dairesi Müdürlüğü
İSTANBUL;Merkez;Kocamustafapaşa Vergi Dairesi Müdürlüğü
İSTANBUL;Merkez;Mecidiyeköy Vergi Dairesi Müdürlüğü
İSTANBUL;Merkez;Şişli Vergi Dairesi Müdürlüğü
İSTANBUL;Merkez;Üsküdar Vergi Dairesi Müdürlüğü
İSTANBUL;Merkez;Halkalı Vergi Dairesi Müdürlüğü
İSTANBUL;Merkez;Kağıthane Vergi Dairesi Müdürlüğü
İSTANBUL;Merkez;Zeytinburnu Vergi Dairesi Müdürlüğü
İSTANBUL;Merkez;Beykoz Vergi Dairesi Müdürlüğü
İSTANBUL;Merkez;Sarıyer Vergi Dairesi Müdürlüğü
İSTANBUL;Merkez;Bakırköy Vergi Dairesi Müdürlüğü
İSTANBUL;Merkez;Kartal Vergi Dairesi Müdürlüğü
İSTANBUL;Merkez;Nakil Vasıtaları Vergi Dairesi Müdürlüğü
İSTANBUL;Merkez;Sarıgazi Vergi Dairesi Müdürlüğü
İSTANBUL;Merkez;Atışalanı Vergi Dairesi Müdürlüğü
İSTANBUL;Merkez;Yakacık Vergi Dairesi Müdürlüğü
İSTANBUL;Merkez;Yenibosna Vergi Dairesi Müdürlüğü
İSTANBUL;Merkez;Avcılar Vergi Dairesi Müdürlüğü
İSTANBUL;Adalar;Adalar Vergi Dairesi Müdürlüğü
İSTANBUL;Merkez;Küçükçekmece Vergi Dairesi Müdürlüğü
İSTANBUL;Merkez;Beylikdüzü Vergi Dairesi Müdürlüğü
İSTANBUL;Merkez;Esenyurt Vergi Dairesi Müdürlüğü
İSTANBUL;Merkez;Başakşehir Vergi Dairesi Müdürlüğü
İSTANBUL;Silivri;Silivri Vergi Dairesi Müdürlüğü
İSTANBUL;Büyükçekmece;Büyükçekmece Vergi Dairesi Müdürlüğü
İSTANBUL;Şile;Şile Vergi Dairesi Müdürlüğü
İZMİR;Merkez;İzmir İhtisas Vergi Dairesi Müdürlüğü
İZMİR;Merkez;9 Eylül Vergi Dairesi Müdürlüğü
İZMİR;Merkez;Yamanlar Vergi Dairesi Müdürlüğü
İZMİR;Merkez;Belkahve Vergi Dairesi Müdürlüğü
İZMİR;Merkez;Karşıyaka Vergi Dairesi Müdürlüğü
İZMİR;Merkez;Kemeraltı Vergi Dairesi Müdürlüğü
İZMİR;Merkez;Konak Vergi Dairesi Müdürlüğü
İZMİR;Merkez;Kordon Vergi Dairesi Müdürlüğü
İZMİR;Merkez;Şirinyer Vergi Dairesi Müdürlüğü
İZMİR;Merkez;Kadifekale Vergi Dairesi Müdürlüğü
İZMİR;Merkez;Taşıtlar Vergi Dairesi Müdürlüğü
İZMİR;Merkez;Hasan Tahsin Vergi Dairesi Müdürlüğü
İZMİR;Merkez;Bornova Vergi Dairesi Müdürlüğü
İZMİR;Merkez;Balçova Vergi Dairesi Müdürlüğü
İZMİR;Merkez;Gaziemir Vergi Dairesi Müdürlüğü
İZMİR;Merkez;Ege Vergi Dairesi Müdürlüğü
İZMİR;Merkez;Çiğli Vergi Dairesi Müdürlüğü
İZMİR;Merkez;Çakabey İhtisas Vergi Dairesi Müdürlüğü
İZMİR;Bayındır;Bayındır Vergi Dairesi Müdürlüğü
İZMİR;Bergama;Bergama Vergi Dairesi Müdürlüğü
İZMİR;Menemen;Menemen Vergi Dairesi Müdürlüğü
İZMİR;Ödemiş;Ödemiş Vergi Dairesi Müdürlüğü
İZMİR;Tire;Tire Vergi Dairesi Müdürlüğü
İZMİR;Torbalı;Torbalı Vergi Dairesi Müdürlüğü
İZMİR;Kemalpaşa;Kemalpaşa Vergi Dairesi Müdürlüğü
İZMİR;Urla;Urla Vergi Dairesi Müdürlüğü
İZMİR;Selçuk;Selçuk Vergi Dairesi Müdürlüğü
İZMİR;Kınık;Kınık Vergi Dairesi Müdürlüğü
İZMİR;Kiraz;Kiraz Vergi Dairesi Müdürlüğü
İZMİR;Çeşme;Çeşme Vergi Dairesi Müdürlüğü
İZMİR;Aliağa;Aliağa Vergi Dairesi Müdürlüğü
İZMİR;Menderes;Menderes Vergi Dairesi Müdürlüğü
İZMİR;Dikili;Dikili Vergi Dairesi Müdürlüğü
İZMİR;Seferihisar;Seferihisar Vergi Dairesi Müdürlüğü
İZMİR;Foça;Foça Vergi Dairesi Müdürlüğü
İZMİR;Karaburun;Karaburun Vergi Dairesi Müdürlüğü
İZMİR;Beydağ;Beydağ Vergi Dairesi Müdürlüğü
KARS;Merkez;Kars Vergi Dairesi Müdürlüğü
KARS;Sarıkamış;Sarıkamış Vergi Dairesi Müdürlüğü
KARS;Kağızman;Kağızman Vergi Dairesi Müdürlüğü
KARS;Selim;Selim Vergi Dairesi Müdürlüğü
KARS;Arpaçay;Arpaçay Malmüdürlüğü
KARS;Digor;Digor Malmüdürlüğü
KARS;Susuz;Susuz Malmüdürlüğü
KARS;Akyaka;Akyaka Malmüdürlüğü
KASTAMONU;Merkez;Kastamonu Vergi Dairesi Müdürlüğü
KASTAMONU;Tosya;Tosya Vergi Dairesi Müdürlüğü
KASTAMONU;Taşköprü;Taşköprü Vergi Dairesi Müdürlüğü
KASTAMONU;Cide;Cide Vergi Dairesi Müdürlüğü
KASTAMONU;İnebolu;İnebolu Vergi Dairesi Müdürlüğü
KASTAMONU;Araç;Araç Vergi Dairesi Müdürlüğü
KASTAMONU;Devrekani;Devrekani Vergi Dairesi Müdürlüğü
KASTAMONU;Azdavay;Azdavay Vergi Dairesi Müdürlüğü
KASTAMONU;Bozkurt;Bozkurt Vergi Dairesi Müdürlüğü
KASTAMONU;Daday;Daday Vergi Dairesi Müdürlüğü
KASTAMONU;Çatalzeytin;Çatalzeytin Malmüdürlüğü
KASTAMONU;Küre;Küre Malmüdürlüğü
KASTAMONU;Abana;Abana Malmüdürlüğü
KASTAMONU;İhsangazi;İhsangazi Malmüdürlüğü
KASTAMONU;Pınarbaşı;Pınarbaşı Malmüdürlüğü
KASTAMONU;Şenpazar;Şenpazar Malmüdürlüğü
KASTAMONU;Ağlı;Ağlı Malmüdürlüğü
KASTAMONU;Doğanyurt;Doğanyurt Malmüdürlüğü
KASTAMONU;Hanönü;Hanönü Malmüdürlüğü
KASTAMONU;Seydiler;Seydiler Malmüdürlüğü
KAYSERİ;Merkez;Kayseri İhtisas Vergi Dairesi Müdürlüğü
KAYSERİ;Merkez;Mimar Sinan Vergi Dairesi Müdürlüğü
KAYSERİ;Merkez;Erciyes Vergi Dairesi Müdürlüğü
KAYSERİ;Merkez;Kaleönü Vergi Dairesi Müdürlüğü
KAYSERİ;Merkez;Gevher Nesibe Vergi Dairesi Müdürlüğü
KAYSERİ;Merkez;Kültepe Vergi Dairesi Müdürlüğü
KAYSERİ;Felahiye;Felahiye Şubesi
KAYSERİ;Sarıoğlan;Sarıoğlan Şubesi
KAYSERİ;Akkışla;Akkışla Şubesi
KAYSERİ;Hacılar;Hacılar Şubesi
KAYSERİ;Özvatan;Özvatan Şubesi
KAYSERİ;Develi;Develi Vergi Dairesi Müdürlüğü
KAYSERİ;Pınarbaşı;Pınarbaşı Vergi Dairesi Müdürlüğü
KAYSERİ;Bünyan;Bünyan Vergi Dairesi Müdürlüğü
KAYSERİ;Yahyalı;Yahyalı Vergi Dairesi Müdürlüğü
KAYSERİ;İncesu;İncesu Vergi Dairesi Müdürlüğü
KAYSERİ;Tomarza;Tomarza Vergi Dairesi Müdürlüğü
KAYSERİ;Yeşilhisar;Yeşilhisar Vergi Dairesi Müdürlüğü
KAYSERİ;Sarız;Sarız Vergi Dairesi Müdürlüğü
KIRKLARELİ;Merkez;Kırklareli Vergi Dairesi Müdürlüğü
KIRKLARELİ;Lüleburgaz;Lüleburgaz Vergi Dairesi Müdürlüğü
KIRKLARELİ;Babaeski;Babaeski Vergi Dairesi Müdürlüğü
KIRKLARELİ;Pınarhisar;Pınarhisar Vergi Dairesi Müdürlüğü
KIRKLARELİ;Vize;Vize Vergi Dairesi Müdürlüğü
KIRKLARELİ;Demirköy;Demirköy Vergi Dairesi Müdürlüğü
KIRKLARELİ;Kofçaz;Kofçaz Malmüdürlüğü
KIRKLARELİ;Pehlivanköy;Pehlivanköy Malmüdürlüğü
KIRŞEHİR;Merkez;Kırşehir Vergi Dairesi Müdürlüğü
KIRŞEHİR;Merkez;Cacabey Vergi Dairesi Müdürlüğü
KIRŞEHİR;Akpınar;Akpınar Şubesi
KIRŞEHİR;Akçakent;Akçakent Şubesi
KIRŞEHİR;Boztepe;Boztepe Şubesi
KIRŞEHİR;Kaman;Kaman Vergi Dairesi Müdürlüğü
KIRŞEHİR;Mucur;Mucur Vergi Dairesi Müdürlüğü
KIRŞEHİR;Çiçekdağı;Çiçekdağı Vergi Dairesi Müdürlüğü
KOCAELİ;Merkez;Kocaeli İhtisas Vergi Dairesi Müdürlüğü
KOCAELİ;Merkez;Tepecik Vergi Dairesi Müdürlüğü
KOCAELİ;Merkez;Alemdar Vergi Dairesi Müdürlüğü
KOCAELİ;Merkez;Acısu Vergi Dairesi Müdürlüğü
KOCAELİ;Gebze;Gebze İhtisas Vergi Dairesi Müdürlüğü
KOCAELİ;Gebze;Uluçınar Vergi Dairesi Müdürlüğü
KOCAELİ;Gebze;İlyasbey Vergi Dairesi Müdürlüğü
KOCAELİ;Gölcük;Gölcük Vergi Dairesi Müdürlüğü
KOCAELİ;Karamürsel;Karamürsel Vergi Dairesi Müdürlüğü
KOCAELİ;Körfez;Körfez Vergi Dairesi Müdürlüğü
KOCAELİ;Derince;Derince Vergi Dairesi Müdürlüğü
KOCAELİ;Kandıra;Kandıra Vergi Dairesi Müdürlüğü
KONYA;Merkez;Konya İhtisas Vergi Dairesi Müdürlüğü
KONYA;Merkez;Selçuk Vergi Dairesi Müdürlüğü
KONYA;Merkez;Mevlana Vergi Dairesi Müdürlüğü
KONYA;Merkez;Meram Vergi Dairesi Müdürlüğü
KONYA;Merkez;Alaaddin Vergi Dairesi Müdürlüğü
KONYA;Akşehir;Akşehir Vergi Dairesi Müdürlüğü
KONYA;Ereğli;Ereğli Vergi Dairesi Müdürlüğü
KONYA;Beyşehir;Beyşehir Vergi Dairesi Müdürlüğü
KONYA;Cihanbeyli;Cihanbeyli Vergi Dairesi Müdürlüğü
KONYA;Çumra;Çumra Vergi Dairesi Müdürlüğü
KONYA;Seydişehir;Seydişehir Vergi Dairesi Müdürlüğü
KONYA;Ilgın;Ilgın Vergi Dairesi Müdürlüğü
KONYA;Kulu;Kulu Vergi Dairesi Müdürlüğü
KONYA;Karapınar;Karapınar Vergi Dairesi Müdürlüğü
KONYA;Kadınhanı;Kadınhanı Vergi Dairesi Müdürlüğü
KONYA;Sarayönü;Sarayönü Vergi Dairesi Müdürlüğü
KONYA;Bozkır;Bozkır Vergi Dairesi Müdürlüğü
KONYA;Yunak;Yunak Vergi Dairesi Müdürlüğü
KONYA;Hüyük;Hüyük Vergi Dairesi Müdürlüğü
KONYA;Altınekin;Altınekin Vergi Dairesi Müdürlüğü
KONYA;Emirgazi;Emirgazi Vergi Dairesi Müdürlüğü
KONYA;Doğanhisar;Doğanhisar Vergi Dairesi Müdürlüğü
KONYA;Hadim;Hadim Malmüdürlüğü
KONYA;Akören;Akören Malmüdürlüğü
KONYA;Derebucak;Derebucak Malmüdürlüğü
KONYA;Taşkent;Taşkent Malmüdürlüğü
KONYA;Ahırlı;Ahırlı Malmüdürlüğü
KONYA;Çeltik;Çeltik Malmüdürlüğü
KONYA;Derbent;Derbent Malmüdürlüğü
KONYA;Güneysınır;Güneysınır Malmüdürlüğü
KONYA;Halkapınar;Halkapınar Malmüdürlüğü
KONYA;Tuzlukçu;Tuzlukçu Malmüdürlüğü
KONYA;Yalıhüyük;Yalıhüyük Malmüdürlüğü
KÜTAHYA;Merkez;30 Ağustos Vergi Dairesi Müdürlüğü
KÜTAHYA;Merkez;Çinili Vergi Dairesi Müdürlüğü
KÜTAHYA;Merkez;Çaltepe Vergi Dairesi Müdürlüğü
KÜTAHYA;Aslanapa;Aslanapa Şubesi
KÜTAHYA;Dumlupınar;Dumlupınar Şubesi
KÜTAHYA;Şaphane;Şaphane Şubesi
KÜTAHYA;Çavdarhisar;Çavdarhisar Şubesi
KÜTAHYA;Pazarlar;Pazarlar Şubesi
KÜTAHYA;Gediz;Gediz Vergi Dairesi Müdürlüğü
KÜTAHYA;Simav;Simav Vergi Dairesi Müdürlüğü
KÜTAHYA;Tavşanlı;Tavşanlı Vergi Dairesi Müdürlüğü
KÜTAHYA;Emet;Emet Vergi Dairesi Müdürlüğü
KÜTAHYA;Altıntaş;Altıntaş Vergi Dairesi Müdürlüğü
KÜTAHYA;Domaniç;Domaniç Vergi Dairesi Müdürlüğü
KÜTAHYA;Hisarcık;Hisarcık Vergi Dairesi Müdürlüğü
MALATYA;Merkez;Fırat Vergi Dairesi Müdürlüğü
MALATYA;Merkez;Beydağı Vergi Dairesi Müdürlüğü
MALATYA;Doğanşehir;Doğanşehir Vergi Dairesi Müdürlüğü
MALATYA;Darende;Darende Vergi Dairesi Müdürlüğü
MALATYA;Akçadağ;Akçadağ Vergi Dairesi Müdürlüğü
MALATYA;Arapgir;Arapgir Vergi Dairesi Müdürlüğü
MALATYA;Hekimhan;Hekimhan Vergi Dairesi Müdürlüğü
MALATYA;Arguvan;Arguvan Malmüdürlüğü
MALATYA;Pütürge;Pütürge Malmüdürlüğü
MALATYA;Doğanyol;Doğanyol Malmüdürlüğü
MALATYA;Kale;Kale Malmüdürlüğü
MALATYA;Kuluncak;Kuluncak Malmüdürlüğü
MALATYA;Yazıhan;Yazıhan Malmüdürlüğü
MANİSA;Merkez;Manisa İhtisas Vergi Dairesi Müdürlüğü
MANİSA;Merkez;Şehit Cihan Güneş Vergi Dairesi Müdürlüğü
MANİSA;Merkez;Mesir Vergi Dairesi Müdürlüğü
MANİSA;Akhisar;Akhisar Vergi Dairesi Müdürlüğü
MANİSA;Alaşehir;Alaşehir Vergi Dairesi Müdürlüğü
MANİSA;Demirci;Demirci Vergi Dairesi Müdürlüğü
MANİSA;Kırkağaç;Kırkağaç Vergi Dairesi Müdürlüğü
MANİSA;Salihli;Salihli Adil Oral Vergi Dairesi Müdürlüğü
MANİSA;Sarıgöl;Sarıgöl Vergi Dairesi Müdürlüğü
MANİSA;Saruhanlı;Saruhanlı Vergi Dairesi Müdürlüğü
MANİSA;Soma;Soma Vergi Dairesi Müdürlüğü
MANİSA;Turgutlu;Turgutlu Vergi Dairesi Müdürlüğü
MANİSA;Gördes;Gördes Vergi Dairesi Müdürlüğü
MANİSA;Kula;Kula Vergi Dairesi Müdürlüğü
MANİSA;Ahmetli;Ahmetli Vergi Dairesi Müdürlüğü
MANİSA;Gölmarmara;Gölmarmara Vergi Dairesi Müdürlüğü
MANİSA;Selendi;Selendi Vergi Dairesi Müdürlüğü
MANİSA;Köprübaşı;Köprübaşı Vergi Dairesi Müdürlüğü
KAHRAMANMARAŞ;Merkez;Aslanbey Vergi Dairesi Müdürlüğü
KAHRAMANMARAŞ;Merkez;Aksu Vergi Dairesi Müdürlüğü
KAHRAMANMARAŞ;Elbistan;Elbistan Vergi Dairesi Müdürlüğü
KAHRAMANMARAŞ;Afşin;Afşin Vergi Dairesi Müdürlüğü
KAHRAMANMARAŞ;Pazarcık;Pazarcık Vergi Dairesi Müdürlüğü
KAHRAMANMARAŞ;Göksun;Göksun Vergi Dairesi Müdürlüğü
KAHRAMANMARAŞ;Andırın;Andırın Vergi Dairesi Müdürlüğü
KAHRAMANMARAŞ;Türkoğlu;Türkoğlu Vergi Dairesi Müdürlüğü
KAHRAMANMARAŞ;Çağlayancerit;Çağlayancerit Vergi Dairesi Müdürlüğü
KAHRAMANMARAŞ;Nurhak;Nurhak Vergi Dairesi Müdürlüğü
KAHRAMANMARAŞ;Ekinözü;Ekinözü Malmüdürlüğü
MARDİN;Merkez;Mardin Vergi Dairesi Müdürlüğü
MARDİN;Kızıltepe;Kızıltepe Vergi Dairesi Müdürlüğü
MARDİN;Nusaybin;Nusaybin Vergi Dairesi Müdürlüğü
MARDİN;Midyat;Midyat Vergi Dairesi Müdürlüğü
MARDİN;Derik;Derik Vergi Dairesi Müdürlüğü
MARDİN;Mazıdağı;Mazıdağı Vergi Dairesi Müdürlüğü
MARDİN;Ömerli;Ömerli Vergi Dairesi Müdürlüğü
MARDİN;Savur;Savur Vergi Dairesi Müdürlüğü
MARDİN;Dargeçit;Dargeçit Vergi Dairesi Müdürlüğü
MARDİN;Yeşilli;Yeşilli Malmüdürlüğü
MUĞLA;Merkez;Muğla Vergi Dairesi Müdürlüğü
MUĞLA;Bodrum;Bodrum Vergi Dairesi Müdürlüğü
MUĞLA;Fethiye;Fethiye Vergi Dairesi Müdürlüğü
MUĞLA;Köyceğiz;Köyceğiz Vergi Dairesi Müdürlüğü
MUĞLA;Milas;Milas Vergi Dairesi Müdürlüğü
MUĞLA;Marmaris;Marmaris Vergi Dairesi Müdürlüğü
MUĞLA;Yatağan;Yatağan Vergi Dairesi Müdürlüğü
MUĞLA;Ortaca;Ortaca Vergi Dairesi Müdürlüğü
MUĞLA;Datça;Datça Vergi Dairesi Müdürlüğü
MUĞLA;Dalaman;Dalaman Vergi Dairesi Müdürlüğü
MUĞLA;Seydikemer;Seydikemer Vergi Dairesi Müdürlüğü
MUĞLA;Ula;Ula Vergi Dairesi Müdürlüğü
MUĞLA;Kavaklıdere;Kavaklıdere Vergi Dairesi Müdürlüğü
MUŞ;Merkez;Muş Vergi Dairesi Müdürlüğü
MUŞ;Bulanık;Bulanık Vergi Dairesi Müdürlüğü
MUŞ;Malazgirt;Malazgirt Vergi Dairesi Müdürlüğü
MUŞ;Varto;Varto Vergi Dairesi Müdürlüğü
MUŞ;Hasköy;Hasköy Malmüdürlüğü
MUŞ;Korkut;Korkut Malmüdürlüğü
NEVŞEHİR;Merkez;Nevşehir Vergi Dairesi Müdürlüğü
NEVŞEHİR;Ürgüp;Ürgüp Vergi Dairesi Müdürlüğü
NEVŞEHİR;Derinkuyu;Derinkuyu Vergi Dairesi Müdürlüğü
NEVŞEHİR;Avanos;Avanos Vergi Dairesi Müdürlüğü
NEVŞEHİR;Gülşehir;Gülşehir Vergi Dairesi Müdürlüğü
NEVŞEHİR;Hacıbektaş;Hacıbektaş Vergi Dairesi Müdürlüğü
NEVŞEHİR;Acıgöl;Acıgöl Vergi Dairesi Müdürlüğü
NEVŞEHİR;Kozaklı;Kozaklı Vergi Dairesi Müdürlüğü
NİĞDE;Merkez;Niğde Vergi Dairesi Müdürlüğü
NİĞDE;Bor;Bor Vergi Dairesi Müdürlüğü
NİĞDE;Ulukışla;Ulukışla Vergi Dairesi Müdürlüğü
NİĞDE;Çiftlik;Çiftlik Vergi Dairesi Müdürlüğü
NİĞDE;Altunhisar;Altunhisar Vergi Dairesi Müdürlüğü
NİĞDE;Çamardı;Çamardı Vergi Dairesi Müdürlüğü
ORDU;Merkez;Boztepe Vergi Dairesi Müdürlüğü
ORDU;Merkez;Köprübaşı Vergi Dairesi Müdürlüğü
ORDU;Fatsa;Fatsa Vergi Dairesi Müdürlüğü
ORDU;Ünye;Ünye Vergi Dairesi Müdürlüğü
ORDU;Aybastı;Aybastı Vergi Dairesi Müdürlüğü
ORDU;Gölköy;Gölköy Vergi Dairesi Müdürlüğü
ORDU;Korgan;Korgan Vergi Dairesi Müdürlüğü
ORDU;Kumru;Kumru Vergi Dairesi Müdürlüğü
ORDU;Perşembe;Perşembe Vergi Dairesi Müdürlüğü
ORDU;Akkuş;Akkuş Vergi Dairesi Müdürlüğü
ORDU;Çatalpınar;Çatalpınar Vergi Dairesi Müdürlüğü
ORDU;Ulubey;Ulubey Vergi Dairesi Müdürlüğü
ORDU;Gürgentepe;Gürgentepe Vergi Dairesi Müdürlüğü
ORDU;Çaybaşı;Çaybaşı Vergi Dairesi Müdürlüğü
ORDU;Kabataş;Kabataş Vergi Dairesi Müdürlüğü
ORDU;Mesudiye;Mesudiye Malmüdürlüğü
ORDU;Gülyalı;Gülyalı Malmüdürlüğü
ORDU;Çamaş;Çamaş Malmüdürlüğü
ORDU;İkizce;İkizce Malmüdürlüğü
ORDU;Kabadüz;Kabadüz Malmüdürlüğü
RİZE;Merkez;Kaçkar Vergi Dairesi Müdürlüğü
RİZE;Merkez;Yeşilçay Vergi Dairesi Müdürlüğü
RİZE;Merkez;Rize Vergi Dairesi Müdürlüğü
RİZE;Çayeli;Çayeli Vergi Dairesi Müdürlüğü
RİZE;Pazar;Pazar Vergi Dairesi Müdürlüğü
RİZE;Ardeşen;Ardeşen Vergi Dairesi Müdürlüğü
RİZE;Fındıklı;Fındıklı Vergi Dairesi Müdürlüğü
RİZE;Çamlıhemşin;Çamlıhemşin Vergi Dairesi Müdürlüğü
SAKARYA;Merkez;Sakarya İhtisas Vergi Dairesi Müdürlüğü
SAKARYA;Merkez;Gümrükönü Vergi Dairesi Müdürlüğü
SAKARYA;Merkez;Ali Fuat Cebesoy Vergi Dairesi Müdürlüğü
SAKARYA;Sapanca;Sapanca Vergi Dairesi Müdürlüğü
SAKARYA;Akyazı;Akyazı Vergi Dairesi Müdürlüğü
SAKARYA;Geyve;Geyve Vergi Dairesi Müdürlüğü
SAKARYA;Hendek;Hendek Vergi Dairesi Müdürlüğü
SAKARYA;Karasu;Karasu Vergi Dairesi Müdürlüğü
SAKARYA;Pamukova;Pamukova Vergi Dairesi Müdürlüğü
SAKARYA;Kaynarca;Kaynarca Vergi Dairesi Müdürlüğü
SAKARYA;Kocaali;Kocaali Vergi Dairesi Müdürlüğü
SAKARYA;Karapürçek;Karapürçek Vergi Dairesi Müdürlüğü
SAKARYA;Taraklı;Taraklı Malmüdürlüğü
SAMSUN;Merkez;19 Mayıs Vergi Dairesi Müdürlüğü
SAMSUN;Merkez;Gaziler Vergi Dairesi Müdürlüğü
SAMSUN;Merkez;Zafer Vergi Dairesi Müdürlüğü
SAMSUN;Bafra;Bafra Vergi Dairesi Müdürlüğü
SAMSUN;Çarşamba;Çarşamba Vergi Dairesi Müdürlüğü
SAMSUN;Terme;Terme Vergi Dairesi Müdürlüğü
SAMSUN;Havza;Havza Vergi Dairesi Müdürlüğü
SAMSUN;Vezirköprü;Vezirköprü Vergi Dairesi Müdürlüğü
SAMSUN;19 Mayıs;19 Mayıs Ballıca Vergi Dairesi Müdürlüğü
SAMSUN;Kavak;Kavak Vergi Dairesi Müdürlüğü
SAMSUN;Salıpazarı;Salıpazarı Vergi Dairesi Müdürlüğü
SAMSUN;Alaçam;Alaçam Vergi Dairesi Müdürlüğü
SAMSUN;Ladik;Ladik Vergi Dairesi Müdürlüğü
SAMSUN;Asarcık;Asarcık Vergi Dairesi Müdürlüğü
SAMSUN;Yakakent;Yakakent Vergi Dairesi Müdürlüğü
SAMSUN;Ayvacık;Ayvacık Malmüdürlüğü
SİİRT;Merkez;Siirt Vergi Dairesi Müdürlüğü
SİİRT;Kurtalan;Kurtalan Vergi Dairesi Müdürlüğü
SİİRT;Baykan;Baykan Vergi Dairesi Müdürlüğü
SİİRT;Eruh;Eruh Malmüdürlüğü
SİİRT;Pervari;Pervari Malmüdürlüğü
SİİRT;Şirvan;Şirvan Malmüdürlüğü
SİNOP;Merkez;Sinop Vergi Dairesi Müdürlüğü
SİNOP;Boyabat;Boyabat Vergi Dairesi Müdürlüğü
SİNOP;Ayancık;Ayancık Vergi Dairesi Müdürlüğü
SİNOP;Gerze;Gerze Vergi Dairesi Müdürlüğü
SİNOP;Türkeli;Türkeli Vergi Dairesi Müdürlüğü
SİNOP;Durağan;Durağan Vergi Dairesi Müdürlüğü
SİNOP;Erfelek;Erfelek Vergi Dairesi Müdürlüğü
SİNOP;Dikmen;Dikmen Malmüdürlüğü
SİNOP;Saraydüzü;Saraydüzü Malmüdürlüğü
SİVAS;Merkez;Kale Vergi Dairesi Müdürlüğü
SİVAS;Merkez;Site Vergi Dairesi Müdürlüğü
SİVAS;Merkez;4 Eylül Vergi Dairesi Müdürlüğü
SİVAS;Hafik;Hafik Şubesi
SİVAS;İmranlı;İmranlı Şubesi
SİVAS;Koyulhisar;Koyulhisar Şubesi
SİVAS;Akıncılar;Akıncılar Şubesi
SİVAS;Altınyayla;Altınyayla Şubesi
SİVAS;Doğanşar;Doğanşar Şubesi
SİVAS;Gölova;Gölova Şubesi
SİVAS;Ulaş;Ulaş Şubesi
SİVAS;Şarkışla;Şarkışla Vergi Dairesi Müdürlüğü
SİVAS;Suşehri;Suşehri Vergi Dairesi Müdürlüğü
SİVAS;Yıldızeli;Yıldızeli Vergi Dairesi Müdürlüğü
SİVAS;Kangal;Kangal Vergi Dairesi Müdürlüğü
SİVAS;Zara;Zara Vergi Dairesi Müdürlüğü
SİVAS;Gemerek;Gemerek Vergi Dairesi Müdürlüğü
SİVAS;Gürün;Gürün Vergi Dairesi Müdürlüğü
SİVAS;Divriği;Divriği Vergi Dairesi Müdürlüğü
TEKİRDAĞ;Merkez;Süleymanpaşa Vergi Dairesi Müdürlüğü
TEKİRDAĞ;Merkez;Namık Kemal Vergi Dairesi Müdürlüğü
TEKİRDAĞ;Çorlu;Çorlu İhtisas Vergi Dairesi Müdürlüğü
TEKİRDAĞ;Çerkezköy;Çerkezköy Vergi Dairesi Müdürlüğü
TEKİRDAĞ;Çorlu;Çorlu Vergi Dairesi Müdürlüğü
TEKİRDAĞ;Hayrabolu;Hayrabolu Vergi Dairesi Müdürlüğü
TEKİRDAĞ;Malkara;Malkara Vergi Dairesi Müdürlüğü
TEKİRDAĞ;Muratlı;Muratlı Vergi Dairesi Müdürlüğü
TEKİRDAĞ;Şarköy;Şarköy Vergi Dairesi Müdürlüğü
TEKİRDAĞ;Kapaklı;Kapaklı Vergi Dairesi Müdürlüğü
TEKİRDAĞ;Saray;Saray Vergi Dairesi Müdürlüğü
TEKİRDAĞ;Marmaraereğlisi;Marmaraereğlisi Vergi Dairesi Müdürlüğü
TOKAT;Merkez;Tokat Vergi Dairesi Müdürlüğü
TOKAT;Merkez;Topçam Vergi Dairesi Müdürlüğü
TOKAT;Artova;Artova Şubesi
TOKAT;Yeşilyurt;Yeşilyurt Şubesi
TOKAT;Başçiftlik;Başçiftlik Şubesi
TOKAT;Sulusaray;Sulusaray Şubesi
TOKAT;Erbaa;Erbaa Vergi Dairesi Müdürlüğü
TOKAT;Niksar;Niksar Vergi Dairesi Müdürlüğü
TOKAT;Turhal;Turhal Vergi Dairesi Müdürlüğü
TOKAT;Zile;Zile Vergi Dairesi Müdürlüğü
TOKAT;Reşadiye;Reşadiye Vergi Dairesi Müdürlüğü
TOKAT;Almus;Almus Vergi Dairesi Müdürlüğü
TOKAT;Pazar;Pazar Vergi Dairesi Müdürlüğü
TRABZON;Merkez;Hızırbey Vergi Dairesi Müdürlüğü
TRABZON;Merkez;Karadeniz Vergi Dairesi Müdürlüğü
TRABZON;Merkez;Ortahisar Vergi Dairesi Müdürlüğü
TRABZON;Dernekpazarı;Dernekpazarı Şubesi
TRABZON;Hayrat;Hayrat Şubesi
TRABZON;Köprübaşı;Köprübaşı Şubesi
TRABZON;Akçaabat;Akçaabat Vergi Dairesi Müdürlüğü
TRABZON;Of;Of Vergi Dairesi Müdürlüğü
TRABZON;Vakfıkebir;Vakfıkebir Vergi Dairesi Müdürlüğü
TRABZON;Araklı;Araklı Vergi Dairesi Müdürlüğü
TRABZON;Yomra;Yomra Vergi Dairesi Müdürlüğü
TRABZON;Sürmene;Sürmene Vergi Dairesi Müdürlüğü
TRABZON;Arsin;Arsin Vergi Dairesi Müdürlüğü
TRABZON;Çaykara;Çaykara Vergi Dairesi Müdürlüğü
TRABZON;Maçka;Maçka Vergi Dairesi Müdürlüğü
TRABZON;Beşikdüzü;Beşikdüzü Vergi Dairesi Müdürlüğü
TRABZON;Çarşıbaşı;Çarşıbaşı Vergi Dairesi Müdürlüğü
TRABZON;Tonya;Tonya Vergi Dairesi Müdürlüğü
TRABZON;Şalpazarı;Şalpazarı Vergi Dairesi Müdürlüğü
TRABZON;Düzköy;Düzköy Vergi Dairesi Müdürlüğü
TUNCELİ;Merkez;Tunceli Vergi Dairesi Müdürlüğü
TUNCELİ;Merkez;Munzur Vergi Dairesi Müdürlüğü
TUNCELİ;Çemişgezek;Çemişgezek Şubesi
TUNCELİ;Hozat;Hozat Şubesi
TUNCELİ;Mazgirt;Mazgirt Şubesi
TUNCELİ;Nazımiye;Nazımiye Şubesi
TUNCELİ;Ovacık;Ovacık Şubesi
TUNCELİ;Pertek;Pertek Şubesi
TUNCELİ;Pülümür;Pülümür Şubesi
ŞANLIURFA;Merkez;Şehitlik Vergi Dairesi Müdürlüğü
ŞANLIURFA;Merkez;Topçu Meydanı Vergi Dairesi Müdürlüğü
ŞANLIURFA;Merkez;Göbeklitepe Vergi Dairesi Müdürlüğü
ŞANLIURFA;Siverek;Siverek Vergi Dairesi Müdürlüğü
ŞANLIURFA;Viranşehir;Viranşehir Vergi Dairesi Müdürlüğü
ŞANLIURFA;Birecik;Birecik Vergi Dairesi Müdürlüğü
ŞANLIURFA;Suruç;Suruç Vergi Dairesi Müdürlüğü
ŞANLIURFA;Ceylanpınar;Ceylanpınar Vergi Dairesi Müdürlüğü
ŞANLIURFA;Akçakale;Akçakale Vergi Dairesi Müdürlüğü
ŞANLIURFA;Hilvan;Hilvan Vergi Dairesi Müdürlüğü
ŞANLIURFA;Bozova;Bozova Vergi Dairesi Müdürlüğü
ŞANLIURFA;Halfeti;Halfeti Vergi Dairesi Müdürlüğü
ŞANLIURFA;Harran;Harran Vergi Dairesi Müdürlüğü
UŞAK;Merkez;Uşak Vergi Dairesi Müdürlüğü
UŞAK;Banaz;Banaz Vergi Dairesi Müdürlüğü
UŞAK;Eşme;Eşme Vergi Dairesi Müdürlüğü
UŞAK;Sivaslı;Sivaslı Vergi Dairesi Müdürlüğü
UŞAK;Ulubey;Ulubey Vergi Dairesi Müdürlüğü
UŞAK;Karahallı;Karahallı Vergi Dairesi Müdürlüğü
VAN;Merkez;Van Vergi Dairesi Müdürlüğü
VAN;Merkez;Akdamar Vergi Dairesi Müdürlüğü
VAN;Çatak;Çatak Şubesi
VAN;Bahçesaray;Bahçesaray Şubesi
VAN;Saray;Saray Şubesi
VAN;Erciş;Erciş Vergi Dairesi Müdürlüğü
VAN;Özalp;Özalp Vergi Dairesi Müdürlüğü
VAN;Çaldıran;Çaldıran Vergi Dairesi Müdürlüğü
VAN;Edremit;Edremit Vergi Dairesi Müdürlüğü
VAN;Muradiye;Muradiye Vergi Dairesi Müdürlüğü
VAN;Gevaş;Gevaş Vergi Dairesi Müdürlüğü
VAN;Gürpınar;Gürpınar Vergi Dairesi Müdürlüğü
VAN;Başkale;Başkale Vergi Dairesi Müdürlüğü
YOZGAT;Merkez;Yozgat Vergi Dairesi Müdürlüğü
YOZGAT;Merkez;Çamlık Vergi Dairesi Müdürlüğü
YOZGAT;Çandır;Çandır Şubesi
YOZGAT;Kadışehri;Kadışehri Şubesi
YOZGAT;Yenifakılı;Yenifakılı Şubesi
YOZGAT;Boğazlıyan;Boğazlıyan Vergi Dairesi Müdürlüğü
YOZGAT;Sorgun;Sorgun Vergi Dairesi Müdürlüğü
YOZGAT;Yerköy;Yerköy Vergi Dairesi Müdürlüğü
YOZGAT;Akdağmadeni;Akdağmadeni Vergi Dairesi Müdürlüğü
YOZGAT;Şefaatli;Şefaatli Vergi Dairesi Müdürlüğü
YOZGAT;Sarıkaya;Sarıkaya Vergi Dairesi Müdürlüğü
YOZGAT;Çekerek;Çekerek Vergi Dairesi Müdürlüğü
YOZGAT;Çayıralan;Çayıralan Vergi Dairesi Müdürlüğü
YOZGAT;Aydıncık;Aydıncık Vergi Dairesi Müdürlüğü
YOZGAT;Saraykent;Saraykent Vergi Dairesi Müdürlüğü
ZONGULDAK;Merkez;Uzunmehmet Vergi Dairesi Müdürlüğü
ZONGULDAK;Merkez;Kara Elmas Vergi Dairesi Müdürlüğü
ZONGULDAK;Ereğli;Ereğli Vergi Dairesi Müdürlüğü
ZONGULDAK;Çaycuma;Çaycuma Vergi Dairesi Müdürlüğü
ZONGULDAK;Devrek;Devrek Vergi Dairesi Müdürlüğü
ZONGULDAK;Alaplı;Alaplı Vergi Dairesi Müdürlüğü
ZONGULDAK;Gökçebey;Gökçebey Vergi Dairesi Müdürlüğü
AKSARAY;Merkez;Aksaray Vergi Dairesi Müdürlüğü
AKSARAY;Ortaköy;Ortaköy Vergi Dairesi Müdürlüğü
AKSARAY;Eskil;Eskil Vergi Dairesi Müdürlüğü
AKSARAY;Gülağaç;Gülağaç Vergi Dairesi Müdürlüğü
AKSARAY;Ağaçören;Ağaçören Vergi Dairesi Müdürlüğü
AKSARAY;Güzelyurt;Güzelyurt Vergi Dairesi Müdürlüğü
AKSARAY;Sultanhanı;Sultanhanı Vergi Dairesi Müdürlüğü
AKSARAY;Sarıyahşi;Sarıyahşi Malmüdürlüğü
BAYBURT;Merkez;Bayburt Vergi Dairesi Müdürlüğü
BAYBURT;Aydıntepe;Aydıntepe Malmüdürlüğü
BAYBURT;Demirözü;Demirözü Malmüdürlüğü
KARAMAN;Merkez;Karaman Vergi Dairesi Müdürlüğü
KARAMAN;Ermenek;Ermenek Vergi Dairesi Müdürlüğü
KARAMAN;Sarıveliler;Sarıveliler Vergi Dairesi Müdürlüğü
KARAMAN;Ayrancı;Ayrancı Malmüdürlüğü
KARAMAN;Kazım Karabekir;Kazım Karabekir Malmüdürlüğü
KARAMAN;Başyayla;Başyayla Malmüdürlüğü
KIRIKKALE;Merkez;Irmak Vergi Dairesi Müdürlüğü
KIRIKKALE;Merkez;Kaletepe Vergi Dairesi Müdürlüğü
KIRIKKALE;Merkez;Kırakkale Vergi Dairesi Müdürlüğü
KIRIKKALE;Sulakyurt;Sulakyurt Şubesi
KIRIKKALE;Balışeyh;Balışeyh Şubesi
KIRIKKALE;Çelebi;Çelebi Şubesi
KIRIKKALE;Karakeçili;Karakeçili Şubesi
KIRIKKALE;Keskin;Keskin Vergi Dairesi Müdürlüğü
KIRIKKALE;Delice;Delice Vergi Dairesi Müdürlüğü
BATMAN;Merkez;Batman Vergi Dairesi Müdürlüğü
BATMAN;Merkez;Raman Vergi Dairesi Müdürlüğü
BATMAN;Beşiri;Beşiri Şubesi
BATMAN;Gercüş;Gercüş Şubesi
BATMAN;Hasankeyf;Hasankeyf Şubesi
BATMAN;Sason;Sason Şubesi
BATMAN;Kozluk;Kozluk Vergi Dairesi Müdürlüğü
ŞIRNAK;Merkez;Şırnak Vergi Dairesi Müdürlüğü
ŞIRNAK;Cizre;Cizre Vergi Dairesi Müdürlüğü
ŞIRNAK;Silopi;Silopi Vergi Dairesi Müdürlüğü
ŞIRNAK;Uludere;Uludere Vergi Dairesi Müdürlüğü
ŞIRNAK;İdil;İdil Vergi Dairesi Müdürlüğü
ŞIRNAK;Beytüşşebap;Beytüşşebap Malmüdürlüğü
ŞIRNAK;Güçlükonak;Güçlükonak Malmüdürlüğü
BARTIN;Merkez;Bartın Vergi Dairesi Müdürlüğü
BARTIN;Ulus;Ulus Vergi Dairesi Müdürlüğü
BARTIN;Amasra;Amasra Vergi Dairesi Müdürlüğü
BARTIN;Kurucaşile;Kurucaşile Malmüdürlüğü
ARDAHAN;Merkez;Ardahan Vergi Dairesi Müdürlüğü
ARDAHAN;Göle;Göle Vergi Dairesi Müdürlüğü
ARDAHAN;Çıldır;Çıldır Malmüdürlüğü
ARDAHAN;Damal;Damal Malmüdürlüğü
ARDAHAN;Hanak;Hanak Malmüdürlüğü
ARDAHAN;Posof;Posof Malmüdürlüğü
IĞDIR;Merkez;Iğdır Vergi Dairesi Müdürlüğü
IĞDIR;Tuzluca;Tuzluca Vergi Dairesi Müdürlüğü
IĞDIR;Aralık;Aralık Malmüdürlüğü
IĞDIR;Karakoyunlu;Karakoyunlu Malmüdürlüğü
YALOVA;Merkez;Yalova Vergi Dairesi Müdürlüğü
YALOVA;Çınarcık;Çınarcık Vergi Dairesi Müdürlüğü
YALOVA;Altınova;Altınova Vergi Dairesi Müdürlüğü
YALOVA;Armutlu;Armutlu Vergi Dairesi Müdürlüğü
KARABÜK;Merkez;Karabük Vergi Dairesi Müdürlüğü
KARABÜK;Merkez;Demirkent Vergi Dairesi Müdürlüğü
KARABÜK;Eflani;Eflani Şubesi
KARABÜK;Ovacık;Ovacık Şubesi
KARABÜK;Safranbolu;Safranbolu Vergi Dairesi Müdürlüğü
KARABÜK;Yenice;Yenice Vergi Dairesi Müdürlüğü
KARABÜK;Eskipazar;Eskipazar Vergi Dairesi Müdürlüğü
KİLİS;Merkez;Kilis Vergi Dairesi Müdürlüğü
OSMANİYE;Kadirli;Kadirli Vergi Dairesi Müdürlüğü
OSMANİYE;Düziçi;Düziçi Vergi Dairesi Müdürlüğü
OSMANİYE;Bahçe;Bahçe Vergi Dairesi Müdürlüğü
OSMANİYE;Toprakkale;Toprakkale Vergi Dairesi Müdürlüğü
OSMANİYE;Hasanbeyli;Hasanbeyli Malmüdürlüğü
OSMANİYE;Sumbas;Sumbas Malmüdürlüğü
DÜZCE;Merkez;Düzce Vergi Dairesi Müdürlüğü
DÜZCE;Akçakoca;Akçakoca Vergi Dairesi Müdürlüğü
DÜZCE;Gölyaka;Gölyaka Vergi Dairesi Müdürlüğü
DÜZCE;Kaynaşlı;Kaynaşlı Vergi Dairesi Müdürlüğü
DÜZCE;Gümüşova;Gümüşova Vergi Dairesi Müdürlüğü
DÜZCE;Cumayeri;Cumayeri Vergi Dairesi Müdürlüğü
DÜZCE;Çilimli;Çilimli Vergi Dairesi Müdürlüğü
DÜZCE;Yığılca;Yığılca Vergi Dairesi Müdürlüğü
